OBJECTID,Map_Label,RiverMile,Site_Name,Latitude,Longitude,Subject,Best_Photo_Time,Begin_Film_Record,End_Film_Record,Begin_Digital_Record,End_Digital_Record,River_Side_Camera,River_Side_Subject,Photos_Available,CameraView,Name,Image_Text,Caption,Concate,Button_pt2,Button_pt3,URL,Thumb_URL,HiResName,FullPictureName,ThumbName,WebFolder,Date,River_Side,Site,Used_only_to_get_dates_____,F23,F24,F25
0,0,0,Lees Ferry Gage,36.84120254,-111.61690870,Hydrograph at Lees Ferry for time period of high flow event,,,,,,,,,,Hydrograph at Lees Ferry gage,,,,,,http://arcweb.wr.usgs.gov/Collections/hfe2014/LeesFerryGage2014HFE.gif,http://arcweb.wr.usgs.gov/Collections/hfe2014/LeesFerryGage2014HFE.gif,LeesFerryGage2014HFE.gif,,,http://arcweb.wr.usgs.gov/Collections/hfe2014/,,,,,,,
1,2.5,2.5,Cathedral Wash,36.84120254,-111.61690870,Sandbar and Campsite upstream from Cathedral Wash,1400,Mar-92,10-Feb,10-Feb,active,R,L,Yes,Across Canyon View from River Right,"Cathedral (RM 2.5L), before 2014 high flow","Nov. 9, 2014  Full Resolution Image: <a href=""http://arcweb.wr.usgs.gov/Collections/hfe2014/RC0025L_20141109_1500.JPG""style=""color:yellow""target=""_blank"">Here</a>","Nov. 9, 2014  Full Resolution Image: <a href=""http://arcweb.wr.usgs.gov/Collections/hfe2014/RC0025L_20141109_1500.JPG""style=""color:yellow""target=""_blank"">Here</a><div class=""btn btn-default""id=""start""data-toggle=""modal""data-target=""#imageModal""data-site=""Cathedral""style=""float:right"">Photo Viewer</div>","Nov. 9, 2014  Full Resolution Image: <a href=""http://arcweb.wr.usgs.gov/Collections/hfe2014/RC0025L_20141109_1500.JPG""style=""color:yellow""target=""_blank"">Here</a><button class=""btn btn-default""id=""start""data-toggle=""modal""data-target=""#imageModal""data-site=""Cathedral""style=""float:right"">Photo Viewer</button>","<button class=""btn btn-default""id=""start""data-toggle=""modal""data-target=""#imageModal""data-site=""","""style=""float:right"">Photo Viewer</button>",http://arcweb.wr.usgs.gov/Collections/hfe2014/RC0025L_20141109_1500_full.jpg,http://arcweb.wr.usgs.gov/Collections/hfe2014/RC0025L_20141109_1500_thumb.jpg,RC0025L_20141109_1500.JPG,RC0025L_20141109_1500_full.jpg,RC0025L_20141109_1500_thumb.jpg,http://arcweb.wr.usgs.gov/Collections/hfe2014/,11/9/2014,L,Cathedral,RC0025L_20141109_1500,2014,11,9
2,8.1,8.1,Jackass,36.77188666,-111.65604340,Sandbar and Campsite at Mouth of Jackass Creek,?,Mar-92,12-Feb,12-Feb,active,R,L,Yes,Across Canyon View from River Right,"Jackass (RM 8.1L), before 2014 high flow","Nov. 9, 2014  Full Resolution Image: <a href=""http://arcweb.wr.usgs.gov/Collections/hfe2014/RC0081L_20141109_0958.JPG""style=""color:yellow""target=""_blank"">Here</a>","Nov. 9, 2014  Full Resolution Image: <a href=""http://arcweb.wr.usgs.gov/Collections/hfe2014/RC0081L_20141109_0958.JPG""style=""color:yellow""target=""_blank"">Here</a><button class=""btn btn-default""id=""start""data-toggle=""modal""data-target=""#imageModal""data-site=""Jackass""style=""float:right"">Photo Viewer</button>","Nov. 9, 2014  Full Resolution Image: <a href=""http://arcweb.wr.usgs.gov/Collections/hfe2014/RC0081L_20141109_0958.JPG""style=""color:yellow""target=""_blank"">Here</a><button class=""btn btn-default""id=""start""data-toggle=""modal""data-target=""#imageModal""data-site=""Jackass""style=""float:right"">Photo Viewer</button>","<button class=""btn btn-default""id=""start""data-toggle=""modal""data-target=""#imageModal""data-site=""","""style=""float:right"">Photo Viewer</button>",http://arcweb.wr.usgs.gov/Collections/hfe2014/RC0081L_20141109_0958_full.jpg,http://arcweb.wr.usgs.gov/Collections/hfe2014/RC0081L_20141109_0958_thumb.jpg,RC0081L_20141109_0958.JPG,RC0081L_20141109_0958_full.jpg,RC0081L_20141109_0958_thumb.jpg,http://arcweb.wr.usgs.gov/Collections/hfe2014/,11/9/2014,L,Jackass,RC0081L_20141109_0958,2014,11,9
3,8.86,8.86,9-Mile,36.76269558,-111.66341500,Sandbar and Campsite at 9-Mile,,,,12-Oct,active,,,,,"9-Mile (RM 8.9L), before 2014 high flow","Sep. 25, 2014  Full Resolution Image: <a href=""http://arcweb.wr.usgs.gov/Collections/hfe2014/RC0089L_20140925_0929.JPG""style=""color:yellow""target=""_blank"">Here</a>","Sep. 25, 2014  Full Resolution Image: <a href=""http://arcweb.wr.usgs.gov/Collections/hfe2014/RC0089L_20140925_0929.JPG""style=""color:yellow""target=""_blank"">Here</a><button class=""btn btn-default""id=""start""data-toggle=""modal""data-target=""#imageModal""data-site=""9-Mile""style=""float:right"">Photo Viewer</button>","Sep. 25, 2014  Full Resolution Image: <a href=""http://arcweb.wr.usgs.gov/Collections/hfe2014/RC0089L_20140925_0929.JPG""style=""color:yellow""target=""_blank"">Here</a><button class=""btn btn-default""id=""start""data-toggle=""modal""data-target=""#imageModal""data-site=""9-Mile""style=""float:right"">Photo Viewer</button>","<button class=""btn btn-default""id=""start""data-toggle=""modal""data-target=""#imageModal""data-site=""","""style=""float:right"">Photo Viewer</button>",http://arcweb.wr.usgs.gov/Collections/hfe2014/RC0089L_20140925_0929_full.jpg,http://arcweb.wr.usgs.gov/Collections/hfe2014/RC0089L_20140925_0929_thumb.jpg,RC0089L_20140925_0929.JPG,RC0089L_20140925_0929_full.jpg,RC0089L_20140925_0929_thumb.jpg,http://arcweb.wr.usgs.gov/Collections/hfe2014/,9/25/2014,L,9-Mile,RC0089L_20140925_0929,2014,9,25
4,16.62,16.62,Hot Na Na,36.68040760,-111.73905320,Hot Na Na Campsite and Sandbar,1400,Mar-92,11-Feb,4-Nov,active,R,L,Yes,Across Canyon View from River Right,"Hot Na Na (RM 16.6L), before 2014 high flow","Nov. 9, 2014  Full Resolution Image: <a href=""http://arcweb.wr.usgs.gov/Collections/hfe2014/RC0166L_20141109_1559.JPG""style=""color:yellow""target=""_blank"">Here</a>","Nov. 9, 2014  Full Resolution Image: <a href=""http://arcweb.wr.usgs.gov/Collections/hfe2014/RC0166L_20141109_1559.JPG""style=""color:yellow""target=""_blank"">Here</a><button class=""btn btn-default""id=""start""data-toggle=""modal""data-target=""#imageModal""data-site=""Hot Na Na""style=""float:right"">Photo Viewer</button>","Nov. 9, 2014  Full Resolution Image: <a href=""http://arcweb.wr.usgs.gov/Collections/hfe2014/RC0166L_20141109_1559.JPG""style=""color:yellow""target=""_blank"">Here</a><button class=""btn btn-default""id=""start""data-toggle=""modal""data-target=""#imageModal""data-site=""Hot Na Na""style=""float:right"">Photo Viewer</button>","<button class=""btn btn-default""id=""start""data-toggle=""modal""data-target=""#imageModal""data-site=""","""style=""float:right"">Photo Viewer</button>",http://arcweb.wr.usgs.gov/Collections/hfe2014/RC0166L_20141109_1559_full.jpg,http://arcweb.wr.usgs.gov/Collections/hfe2014/RC0166L_20141109_1559_thumb.jpg,RC0166L_20141109_1559.JPG,RC0166L_20141109_1559_full.jpg,RC0166L_20141109_1559_thumb.jpg,http://arcweb.wr.usgs.gov/Collections/hfe2014/,11/9/2014,L,Hot Na Na,RC0166L_20141109_1559,2014,11,9
5,22,22,22-Mile,36.61260942,-111.76024140,Sandbar and Campsite at River Mile 22,1330,Feb-96,10-Feb,4-Oct,active,L,R,Yes,Across Canyon View from River Left,,,,,,,,,,,,,,,,,,,
6,23.55,23.55,Lone Cedar,36.59378759,-111.77183240,Sandbar and Campsite at Lone Cedar,,,,13-Feb,active,,,,,"Lone Cedar (RM 23.5L), before 2014 high flow","Nov. 9, 2014  Full Resolution Image: <a href=""http://arcweb.wr.usgs.gov/Collections/hfe2014/RC0235L_20141109_0959.JPG""style=""color:yellow""target=""_blank"">Here</a>","Nov. 9, 2014  Full Resolution Image: <a href=""http://arcweb.wr.usgs.gov/Collections/hfe2014/RC0235L_20141109_0959.JPG""style=""color:yellow""target=""_blank"">Here</a><button class=""btn btn-default""id=""start""data-toggle=""modal""data-target=""#imageModal""data-site=""Lone Cedar""style=""float:right"">Photo Viewer</button>","Nov. 9, 2014  Full Resolution Image: <a href=""http://arcweb.wr.usgs.gov/Collections/hfe2014/RC0235L_20141109_0959.JPG""style=""color:yellow""target=""_blank"">Here</a><button class=""btn btn-default""id=""start""data-toggle=""modal""data-target=""#imageModal""data-site=""Lone Cedar""style=""float:right"">Photo Viewer</button>","<button class=""btn btn-default""id=""start""data-toggle=""modal""data-target=""#imageModal""data-site=""","""style=""float:right"">Photo Viewer</button>",http://arcweb.wr.usgs.gov/Collections/hfe2014/RC0235L_20141109_0959_full.jpg,http://arcweb.wr.usgs.gov/Collections/hfe2014/RC0235L_20141109_0959_thumb.jpg,RC0235L_20141109_0959.JPG,RC0235L_20141109_0959_full.jpg,RC0235L_20141109_0959_thumb.jpg,http://arcweb.wr.usgs.gov/Collections/hfe2014/,11/9/2014,L,Lone Cedar,RC0235L_20141109_0959,2014,11,9
7,24.7,24.7,24.5-Mile,36.58222357,-111.78649030,Debris fan and sandbar at 24.5-Mile Rapid,na,Feb-96,standby,na,active,L,L,Yes,View towards River from River Left,,,,,,,,,,,,,,,,,,,
8,30.7,30.7,30-Mile,36.51593966,-111.84767780,Sandbar and Campsite at River Mile 30,na,Jan-96,10-Feb,4-Oct,active,L,R,Yes,Across Canyon View from Base of Cliff on River Left,"30-Mile (RM 30.7R), before 2014 high flow","Nov. 9, 2014  Full Resolution Image: <a href=""http://arcweb.wr.usgs.gov/Collections/hfe2014/RC0307Rf_20141109_1257.JPG""style=""color:yellow""target=""_blank"">Here</a>","Nov. 9, 2014  Full Resolution Image: <a href=""http://arcweb.wr.usgs.gov/Collections/hfe2014/RC0307Rf_20141109_1257.JPG""style=""color:yellow""target=""_blank"">Here</a><button class=""btn btn-default""id=""start""data-toggle=""modal""data-target=""#imageModal""data-site=""30-Mile""style=""float:right"">Photo Viewer</button>","Nov. 9, 2014  Full Resolution Image: <a href=""http://arcweb.wr.usgs.gov/Collections/hfe2014/RC0307Rf_20141109_1257.JPG""style=""color:yellow""target=""_blank"">Here</a><button class=""btn btn-default""id=""start""data-toggle=""modal""data-target=""#imageModal""data-site=""30-Mile""style=""float:right"">Photo Viewer</button>","<button class=""btn btn-default""id=""start""data-toggle=""modal""data-target=""#imageModal""data-site=""","""style=""float:right"">Photo Viewer</button>",http://arcweb.wr.usgs.gov/Collections/hfe2014/RC0307Rf_20141109_1257_full.jpg,http://arcweb.wr.usgs.gov/Collections/hfe2014/RC0307Rf_20141109_1257_thumb.jpg,RC0307Rf_20141109_1257.JPG,RC0307Rf_20141109_1257_full.jpg,RC0307Rf_20141109_1257_thumb.jpg,http://arcweb.wr.usgs.gov/Collections/hfe2014/,11/9/2014,R,30-Mile,RC0307Rf_20141109_1257,2014,11,9
9,31.88,31.88,South Canyon,36.50248903,-111.85790750,Sandbar downstream from South Canyon,?,na,na,12-Feb,active,L,R,Yes 9/2012,Downstream view from River Left,"South Canyon (RM 31.9R), before 2014 high flow","Nov. 9, 2014  Full Resolution Image: <a href=""http://arcweb.wr.usgs.gov/Collections/hfe2014/RC0319R_20141109_1559.JPG""style=""color:yellow""target=""_blank"">Here</a>","Nov. 9, 2014  Full Resolution Image: <a href=""http://arcweb.wr.usgs.gov/Collections/hfe2014/RC0319R_20141109_1559.JPG""style=""color:yellow""target=""_blank"">Here</a><button class=""btn btn-default""id=""start""data-toggle=""modal""data-target=""#imageModal""data-site=""South Canyon""style=""float:right"">Photo Viewer</button>","Nov. 9, 2014  Full Resolution Image: <a href=""http://arcweb.wr.usgs.gov/Collections/hfe2014/RC0319R_20141109_1559.JPG""style=""color:yellow""target=""_blank"">Here</a><button class=""btn btn-default""id=""start""data-toggle=""modal""data-target=""#imageModal""data-site=""South Canyon""style=""float:right"">Photo Viewer</button>","<button class=""btn btn-default""id=""start""data-toggle=""modal""data-target=""#imageModal""data-site=""","""style=""float:right"">Photo Viewer</button>",http://arcweb.wr.usgs.gov/Collections/hfe2014/RC0319R_20141109_1559_full.jpg,http://arcweb.wr.usgs.gov/Collections/hfe2014/RC0319R_20141109_1559_thumb.jpg,RC0319R_20141109_1559.JPG,RC0319R_20141109_1559_full.jpg,RC0319R_20141109_1559_thumb.jpg,http://arcweb.wr.usgs.gov/Collections/hfe2014/,11/9/2014,R,South Canyon,RC0319R_20141109_1559,2014,11,9
10,32.2,32.2,Vasey's Paradise,36.49815515,-111.85763230,Vasey's Paradise,1400,na,na,10-Feb,active,L,R,Yes,Across Canyon View from River Left,,,,,,,,,,,,,,,,,,,
11,33.3,33.3,Redwall Cavern,36.49281888,-111.83966570,Sandbar at Redwall Cavern,,,,13-Oct,active,,,,,"Redwall Cavern (RM 33.3L), before 2014 high flow","Nov. 9, 2014  Full Resolution Image: <a href=""http://arcweb.wr.usgs.gov/Collections/hfe2014/RC0333L_20141109_0957.JPG""style=""color:yellow""target=""_blank"">Here</a>","Nov. 9, 2014  Full Resolution Image: <a href=""http://arcweb.wr.usgs.gov/Collections/hfe2014/RC0333L_20141109_0957.JPG""style=""color:yellow""target=""_blank"">Here</a><button class=""btn btn-default""id=""start""data-toggle=""modal""data-target=""#imageModal""data-site=""Redwall Cavern""style=""float:right"">Photo Viewer</button>","Nov. 9, 2014  Full Resolution Image: <a href=""http://arcweb.wr.usgs.gov/Collections/hfe2014/RC0333L_20141109_0957.JPG""style=""color:yellow""target=""_blank"">Here</a><button class=""btn btn-default""id=""start""data-toggle=""modal""data-target=""#imageModal""data-site=""Redwall Cavern""style=""float:right"">Photo Viewer</button>","<button class=""btn btn-default""id=""start""data-toggle=""modal""data-target=""#imageModal""data-site=""","""style=""float:right"">Photo Viewer</button>",http://arcweb.wr.usgs.gov/Collections/hfe2014/RC0333L_20141109_0957_full.jpg,http://arcweb.wr.usgs.gov/Collections/hfe2014/RC0333L_20141109_0957_thumb.jpg,RC0333L_20141109_0957.JPG,RC0333L_20141109_0957_full.jpg,RC0333L_20141109_0957_thumb.jpg,http://arcweb.wr.usgs.gov/Collections/hfe2014/,11/9/2014,L,Redwall Cavern,RC0333L_20141109_0957,2014,11,9
12,41.4,41.4,Buck Farm,36.40185273,-111.88269970,Sandbar downstream from Buck Farm Canyon,1400,2-Sep,10-Feb,10-Feb,active,L,R,Yes,Across Canyon View from River Left,"Buck Farm (RM 41.4R), before 2014 high flow","Nov. 9, 2014  Full Resolution Image: <a href=""http://arcweb.wr.usgs.gov/Collections/hfe2014/RC0414R_20141109_1558.JPG""style=""color:yellow""target=""_blank"">Here</a>","Nov. 9, 2014  Full Resolution Image: <a href=""http://arcweb.wr.usgs.gov/Collections/hfe2014/RC0414R_20141109_1558.JPG""style=""color:yellow""target=""_blank"">Here</a><button class=""btn btn-default""id=""start""data-toggle=""modal""data-target=""#imageModal""data-site=""Buck Farm""style=""float:right"">Photo Viewer</button>","Nov. 9, 2014  Full Resolution Image: <a href=""http://arcweb.wr.usgs.gov/Collections/hfe2014/RC0414R_20141109_1558.JPG""style=""color:yellow""target=""_blank"">Here</a><button class=""btn btn-default""id=""start""data-toggle=""modal""data-target=""#imageModal""data-site=""Buck Farm""style=""float:right"">Photo Viewer</button>","<button class=""btn btn-default""id=""start""data-toggle=""modal""data-target=""#imageModal""data-site=""","""style=""float:right"">Photo Viewer</button>",http://arcweb.wr.usgs.gov/Collections/hfe2014/RC0414R_20141109_1558_full.jpg,http://arcweb.wr.usgs.gov/Collections/hfe2014/RC0414R_20141109_1558_thumb.jpg,RC0414R_20141109_1558.JPG,RC0414R_20141109_1558_full.jpg,RC0414R_20141109_1558_thumb.jpg,http://arcweb.wr.usgs.gov/Collections/hfe2014/,11/9/2014,R,Buck Farm,RC0414R_20141109_1558,2014,11,9
13,43.4,43.4,Anazazi Bridge,36.39765991,-111.85559040,Sandbar and Campsite at Anazazi Bridge,,,,12-Oct,active,,,,,"Anazazi Bridge (RM 43.4L), before 2014 high flow","Nov. 9, 2014  Full Resolution Image: <a href=""http://arcweb.wr.usgs.gov/Collections/hfe2014/RC0434L_20141109_0759.JPG""style=""color:yellow""target=""_blank"">Here</a>","Nov. 9, 2014  Full Resolution Image: <a href=""http://arcweb.wr.usgs.gov/Collections/hfe2014/RC0434L_20141109_0759.JPG""style=""color:yellow""target=""_blank"">Here</a><button class=""btn btn-default""id=""start""data-toggle=""modal""data-target=""#imageModal""data-site=""Anazazi Bridge""style=""float:right"">Photo Viewer</button>","Nov. 9, 2014  Full Resolution Image: <a href=""http://arcweb.wr.usgs.gov/Collections/hfe2014/RC0434L_20141109_0759.JPG""style=""color:yellow""target=""_blank"">Here</a><button class=""btn btn-default""id=""start""data-toggle=""modal""data-target=""#imageModal""data-site=""Anazazi Bridge""style=""float:right"">Photo Viewer</button>","<button class=""btn btn-default""id=""start""data-toggle=""modal""data-target=""#imageModal""data-site=""","""style=""float:right"">Photo Viewer</button>",http://arcweb.wr.usgs.gov/Collections/hfe2014/RC0434L_20141109_0759_full.jpg,http://arcweb.wr.usgs.gov/Collections/hfe2014/RC0434L_20141109_0759_thumb.jpg,RC0434L_20141109_0759.JPG,RC0434L_20141109_0759_full.jpg,RC0434L_20141109_0759_thumb.jpg,http://arcweb.wr.usgs.gov/Collections/hfe2014/,11/9/2014,L,Anazazi Bridge,RC0434L_20141109_0759,2014,11,9
14,44.5,44.5,Eminence Break,36.38656809,-111.84917910,Eminence Break Campsite,1400,Mar-93,10-Feb,6-Jul,active,R,L,Yes,Across Canyon View from River Right,"Eminence Break (RM 44.5L), before 2014 high flow","Nov. 9, 2014  Full Resolution Image: <a href=""http://arcweb.wr.usgs.gov/Collections/hfe2014/RC0445L_20141109_1558.JPG""style=""color:yellow""target=""_blank"">Here</a>","Nov. 9, 2014  Full Resolution Image: <a href=""http://arcweb.wr.usgs.gov/Collections/hfe2014/RC0445L_20141109_1558.JPG""style=""color:yellow""target=""_blank"">Here</a><button class=""btn btn-default""id=""start""data-toggle=""modal""data-target=""#imageModal""data-site=""Eminence Break""style=""float:right"">Photo Viewer</button>","Nov. 9, 2014  Full Resolution Image: <a href=""http://arcweb.wr.usgs.gov/Collections/hfe2014/RC0445L_20141109_1558.JPG""style=""color:yellow""target=""_blank"">Here</a><button class=""btn btn-default""id=""start""data-toggle=""modal""data-target=""#imageModal""data-site=""Eminence Break""style=""float:right"">Photo Viewer</button>","<button class=""btn btn-default""id=""start""data-toggle=""modal""data-target=""#imageModal""data-site=""","""style=""float:right"">Photo Viewer</button>",http://arcweb.wr.usgs.gov/Collections/hfe2014/RC0445L_20141109_1558_full.jpg,http://arcweb.wr.usgs.gov/Collections/hfe2014/RC0445L_20141109_1558_thumb.jpg,RC0445L_20141109_1558.JPG,RC0445L_20141109_1558_full.jpg,RC0445L_20141109_1558_thumb.jpg,http://arcweb.wr.usgs.gov/Collections/hfe2014/,11/9/2014,L,Eminence Break,RC0445L_20141109_1558,2014,11,9
15,45,45,Willie Taylor,36.38395081,-111.85837150,Sandbar and Campsite at Willie Taylor Grave,1200,na,na,8-Feb,active,R,L,Yes,Across Canyon View from River Right,"Willie Taylor (RM 45L), before 2014 high flow","Nov. 9, 2014  Full Resolution Image: <a href=""http://arcweb.wr.usgs.gov/Collections/hfe2014/RC0450L_20141109_1557.JPG""style=""color:yellow""target=""_blank"">Here</a>","Nov. 9, 2014  Full Resolution Image: <a href=""http://arcweb.wr.usgs.gov/Collections/hfe2014/RC0450L_20141109_1557.JPG""style=""color:yellow""target=""_blank"">Here</a><button class=""btn btn-default""id=""start""data-toggle=""modal""data-target=""#imageModal""data-site=""Willie Taylor""style=""float:right"">Photo Viewer</button>","Nov. 9, 2014  Full Resolution Image: <a href=""http://arcweb.wr.usgs.gov/Collections/hfe2014/RC0450L_20141109_1557.JPG""style=""color:yellow""target=""_blank"">Here</a><button class=""btn btn-default""id=""start""data-toggle=""modal""data-target=""#imageModal""data-site=""Willie Taylor""style=""float:right"">Photo Viewer</button>","<button class=""btn btn-default""id=""start""data-toggle=""modal""data-target=""#imageModal""data-site=""","""style=""float:right"">Photo Viewer</button>",http://arcweb.wr.usgs.gov/Collections/hfe2014/RC0450L_20141109_1557_full.jpg,http://arcweb.wr.usgs.gov/Collections/hfe2014/RC0450L_20141109_1557_thumb.jpg,RC0450L_20141109_1557.JPG,RC0450L_20141109_1557_full.jpg,RC0450L_20141109_1557_thumb.jpg,http://arcweb.wr.usgs.gov/Collections/hfe2014/,11/9/2014,L,Willie Taylor,RC0450L_20141109_1557,2014,11,9
16,47.6,47.6,Lower Saddle,36.36535149,-111.88776660,Sandbar and Campsite Downstream from Saddle Canyon,na,Mar-92,11-Feb,11-Feb,active,R,R,Yes,Upstream View from River Right,"Lower Saddle (RM 47.6R), before 2014 high flow","Nov. 9, 2014  Full Resolution Image: <a href=""http://arcweb.wr.usgs.gov/Collections/hfe2014/RC0476R_20141109_1404.JPG""style=""color:yellow""target=""_blank"">Here</a>","Nov. 9, 2014  Full Resolution Image: <a href=""http://arcweb.wr.usgs.gov/Collections/hfe2014/RC0476R_20141109_1404.JPG""style=""color:yellow""target=""_blank"">Here</a><button class=""btn btn-default""id=""start""data-toggle=""modal""data-target=""#imageModal""data-site=""Lower Saddle""style=""float:right"">Photo Viewer</button>","Nov. 9, 2014  Full Resolution Image: <a href=""http://arcweb.wr.usgs.gov/Collections/hfe2014/RC0476R_20141109_1404.JPG""style=""color:yellow""target=""_blank"">Here</a><button class=""btn btn-default""id=""start""data-toggle=""modal""data-target=""#imageModal""data-site=""Lower Saddle""style=""float:right"">Photo Viewer</button>","<button class=""btn btn-default""id=""start""data-toggle=""modal""data-target=""#imageModal""data-site=""","""style=""float:right"">Photo Viewer</button>",http://arcweb.wr.usgs.gov/Collections/hfe2014/RC0476R_20141109_1404_full.jpg,http://arcweb.wr.usgs.gov/Collections/hfe2014/RC0476R_20141109_1404_thumb.jpg,RC0476R_20141109_1404.JPG,RC0476R_20141109_1404_full.jpg,RC0476R_20141109_1404_thumb.jpg,http://arcweb.wr.usgs.gov/Collections/hfe2014/,11/9/2014,R,Lower Saddle,RC0476R_20141109_1404,2014,11,9
17,50.1,50.1,Dinosaur,36.33766865,-111.86132170,Dinosaur Campsite and Sandbar,1200,Jan-96,11-Oct,11-Oct,active,L,R,Yes,Across Canyon View from River Left,"Dinosaur (RM 50.2R), before 2014 high flow","Nov. 9, 2014  Full Resolution Image: <a href=""http://arcweb.wr.usgs.gov/Collections/hfe2014/RC0501R_20141109_1558.JPG""style=""color:yellow""target=""_blank"">Here</a>","Nov. 9, 2014  Full Resolution Image: <a href=""http://arcweb.wr.usgs.gov/Collections/hfe2014/RC0501R_20141109_1558.JPG""style=""color:yellow""target=""_blank"">Here</a><button class=""btn btn-default""id=""start""data-toggle=""modal""data-target=""#imageModal""data-site=""Dinosaur""style=""float:right"">Photo Viewer</button>","Nov. 9, 2014  Full Resolution Image: <a href=""http://arcweb.wr.usgs.gov/Collections/hfe2014/RC0501R_20141109_1558.JPG""style=""color:yellow""target=""_blank"">Here</a><button class=""btn btn-default""id=""start""data-toggle=""modal""data-target=""#imageModal""data-site=""Dinosaur""style=""float:right"">Photo Viewer</button>","<button class=""btn btn-default""id=""start""data-toggle=""modal""data-target=""#imageModal""data-site=""","""style=""float:right"">Photo Viewer</button>",http://arcweb.wr.usgs.gov/Collections/hfe2014/RC0501R_20141109_1558_full.jpg,http://arcweb.wr.usgs.gov/Collections/hfe2014/RC0501R_20141109_1558_thumb.jpg,RC0501R_20141109_1558.JPG,RC0501R_20141109_1558_full.jpg,RC0501R_20141109_1558_thumb.jpg,http://arcweb.wr.usgs.gov/Collections/hfe2014/,11/9/2014,R,Dinosaur,RC0501R_20141109_1558,2014,11,9
18,51.5,51.5,51-Mile,36.31957118,-111.86157270,Sandbar at River Mile 51,1400,na,na,8-Feb,active,R,L,Yes,Across Canyon View from River Right,"51-Mile (RM 51.5R), before 2014 high flow","Nov. 9, 2014  Full Resolution Image: <a href=""http://arcweb.wr.usgs.gov/Collections/hfe2014/RC0515L_20141109_1559.JPG""style=""color:yellow""target=""_blank"">Here</a>","Nov. 9, 2014  Full Resolution Image: <a href=""http://arcweb.wr.usgs.gov/Collections/hfe2014/RC0515L_20141109_1559.JPG""style=""color:yellow""target=""_blank"">Here</a><button class=""btn btn-default""id=""start""data-toggle=""modal""data-target=""#imageModal""data-site=""51-Mile""style=""float:right"">Photo Viewer</button>","Nov. 9, 2014  Full Resolution Image: <a href=""http://arcweb.wr.usgs.gov/Collections/hfe2014/RC0515L_20141109_1559.JPG""style=""color:yellow""target=""_blank"">Here</a><button class=""btn btn-default""id=""start""data-toggle=""modal""data-target=""#imageModal""data-site=""51-Mile""style=""float:right"">Photo Viewer</button>","<button class=""btn btn-default""id=""start""data-toggle=""modal""data-target=""#imageModal""data-site=""","""style=""float:right"">Photo Viewer</button>",http://arcweb.wr.usgs.gov/Collections/hfe2014/RC0515L_20141109_1559_full.jpg,http://arcweb.wr.usgs.gov/Collections/hfe2014/RC0515L_20141109_1559_thumb.jpg,RC0515L_20141109_1559.JPG,RC0515L_20141109_1559_full.jpg,RC0515L_20141109_1559_thumb.jpg,http://arcweb.wr.usgs.gov/Collections/hfe2014/,11/9/2014,R,51-Mile,RC0515L_20141109_1559,2014,11,9
19,55.9,55.9,Kwagunt Marsh,36.26862612,-111.83380840,Sandbar at River Mile 55,1200,Feb-96,10-Feb,10-Feb,active,L,R,Yes,Across Canyon View from River Left,"Kwagunt Marsh (RM 55.9R), before 2014 high flow","Nov. 9, 2014  Full Resolution Image: <a href=""http://arcweb.wr.usgs.gov/Collections/hfe2014/RC0559R_20141109_1600.JPG""style=""color:yellow""target=""_blank"">Here</a>","Nov. 9, 2014  Full Resolution Image: <a href=""http://arcweb.wr.usgs.gov/Collections/hfe2014/RC0559R_20141109_1600.JPG""style=""color:yellow""target=""_blank"">Here</a><button class=""btn btn-default""id=""start""data-toggle=""modal""data-target=""#imageModal""data-site=""Kwagunt Marsh""style=""float:right"">Photo Viewer</button>","Nov. 9, 2014  Full Resolution Image: <a href=""http://arcweb.wr.usgs.gov/Collections/hfe2014/RC0559R_20141109_1600.JPG""style=""color:yellow""target=""_blank"">Here</a><button class=""btn btn-default""id=""start""data-toggle=""modal""data-target=""#imageModal""data-site=""Kwagunt Marsh""style=""float:right"">Photo Viewer</button>","<button class=""btn btn-default""id=""start""data-toggle=""modal""data-target=""#imageModal""data-site=""","""style=""float:right"">Photo Viewer</button>",http://arcweb.wr.usgs.gov/Collections/hfe2014/RC0559R_20141109_1600_full.jpg,http://arcweb.wr.usgs.gov/Collections/hfe2014/RC0559R_20141109_1600_thumb.jpg,RC0559R_20141109_1600.JPG,RC0559R_20141109_1600_full.jpg,RC0559R_20141109_1600_thumb.jpg,http://arcweb.wr.usgs.gov/Collections/hfe2014/,11/9/2014,R,Kwagunt Marsh,RC0559R_20141109_1600,2014,11,9
20,56.6,56.6,Kwagunt Beach,36.26127237,-111.82625140,Sandbar and Campsite at Kwagunt Beach,,,,12-Oct,active,,,,,"Kwagunt Beach (RM 56.6R), before 2014 high flow","Nov. 9, 2014  Full Resolution Image: <a href=""http://arcweb.wr.usgs.gov/Collections/hfe2014/RC0566R_20141109_1158.JPG""style=""color:yellow""target=""_blank"">Here</a>","Nov. 9, 2014  Full Resolution Image: <a href=""http://arcweb.wr.usgs.gov/Collections/hfe2014/RC0566R_20141109_1158.JPG""style=""color:yellow""target=""_blank"">Here</a><button class=""btn btn-default""id=""start""data-toggle=""modal""data-target=""#imageModal""data-site=""Kwagunt Beach""style=""float:right"">Photo Viewer</button>","Nov. 9, 2014  Full Resolution Image: <a href=""http://arcweb.wr.usgs.gov/Collections/hfe2014/RC0566R_20141109_1158.JPG""style=""color:yellow""target=""_blank"">Here</a><button class=""btn btn-default""id=""start""data-toggle=""modal""data-target=""#imageModal""data-site=""Kwagunt Beach""style=""float:right"">Photo Viewer</button>","<button class=""btn btn-default""id=""start""data-toggle=""modal""data-target=""#imageModal""data-site=""","""style=""float:right"">Photo Viewer</button>",http://arcweb.wr.usgs.gov/Collections/hfe2014/RC0566R_20141109_1158_full.jpg,http://arcweb.wr.usgs.gov/Collections/hfe2014/RC0566R_20141109_1158_thumb.jpg,RC0566R_20141109_1158.JPG,RC0566R_20141109_1158_full.jpg,RC0566R_20141109_1158_thumb.jpg,http://arcweb.wr.usgs.gov/Collections/hfe2014/,11/9/2014,R,Kwagunt Beach,RC0566R_20141109_1158,2014,11,9
21,62.9,62.9,Crash Canyon,36.18072914,-111.81502430,Sandbar and Campsite at Crash Canyon,,,,13-Feb,active,,,,,"Crash Canyon (RM 62.9R), before 2014 high flow","Nov. 9, 2014  Full Resolution Image: <a href=""http://arcweb.wr.usgs.gov/Collections/hfe2014/RC0629R_20141109_1158.JPG""style=""color:yellow""target=""_blank"">Here</a>","Nov. 9, 2014  Full Resolution Image: <a href=""http://arcweb.wr.usgs.gov/Collections/hfe2014/RC0629R_20141109_1158.JPG""style=""color:yellow""target=""_blank"">Here</a><button class=""btn btn-default""id=""start""data-toggle=""modal""data-target=""#imageModal""data-site=""Crash Canyon""style=""float:right"">Photo Viewer</button>","Nov. 9, 2014  Full Resolution Image: <a href=""http://arcweb.wr.usgs.gov/Collections/hfe2014/RC0629R_20141109_1158.JPG""style=""color:yellow""target=""_blank"">Here</a><button class=""btn btn-default""id=""start""data-toggle=""modal""data-target=""#imageModal""data-site=""Crash Canyon""style=""float:right"">Photo Viewer</button>","<button class=""btn btn-default""id=""start""data-toggle=""modal""data-target=""#imageModal""data-site=""","""style=""float:right"">Photo Viewer</button>",http://arcweb.wr.usgs.gov/Collections/hfe2014/RC0629R_20141109_1158_full.jpg,http://arcweb.wr.usgs.gov/Collections/hfe2014/RC0629R_20141109_1158_thumb.jpg,RC0629R_20141109_1158.JPG,RC0629R_20141109_1158_full.jpg,RC0629R_20141109_1158_thumb.jpg,http://arcweb.wr.usgs.gov/Collections/hfe2014/,11/9/2014,R,Crash Canyon,RC0629R_20141109_1158,2014,11,9
22,65.1,65.1,Carbon,36.15047984,-111.81632540,Sandbar and Campsite at Carbon,,,,12-Oct,active,,,,,"Carbon Canyon (RM 65.1R), before 2014 high flow","Oct. 6, 2014  Full Resolution Image: <a href=""http://arcweb.wr.usgs.gov/Collections/hfe2014/RC0651R_20141006_1200.JPG""style=""color:yellow""target=""_blank"">Here</a>","Oct. 6, 2014  Full Resolution Image: <a href=""http://arcweb.wr.usgs.gov/Collections/hfe2014/RC0651R_20141006_1200.JPG""style=""color:yellow""target=""_blank"">Here</a><button class=""btn btn-default""id=""start""data-toggle=""modal""data-target=""#imageModal""data-site=""Carbon Canyon""style=""float:right"">Photo Viewer</button>","Oct. 6, 2014  Full Resolution Image: <a href=""http://arcweb.wr.usgs.gov/Collections/hfe2014/RC0651R_20141006_1200.JPG""style=""color:yellow""target=""_blank"">Here</a><button class=""btn btn-default""id=""start""data-toggle=""modal""data-target=""#imageModal""data-site=""Carbon Canyon""style=""float:right"">Photo Viewer</button>","<button class=""btn btn-default""id=""start""data-toggle=""modal""data-target=""#imageModal""data-site=""","""style=""float:right"">Photo Viewer</button>",http://arcweb.wr.usgs.gov/Collections/hfe2014/RC0651R_20141006_1200_full.jpg,http://arcweb.wr.usgs.gov/Collections/hfe2014/RC0651R_20141006_1200_thumb.jpg,RC0651R_20141006_1200.JPG,RC0651R_20141006_1200_full.jpg,RC0651R_20141006_1200_thumb.jpg,http://arcweb.wr.usgs.gov/Collections/hfe2014/,10/6/2014,R,Carbon Canyon,RC0651R_20141006_1200,2014,10,6
23,65.8,65.8,Above Lava-Chuar,36.14066258,-111.81536630,Sandbar Upstream from Palisades Creek,1130,na,na,8-Feb,active,R,L,Yes,Across Canyon View from River Right,"Lava Chuar (RM 65.8L), before 2014 high flow","Nov. 9, 2014  Full Resolution Image: <a href=""http://arcweb.wr.usgs.gov/Collections/hfe2014/RC0658L_20141109_0959.JPG""style=""color:yellow""target=""_blank"">Here</a>","Nov. 9, 2014  Full Resolution Image: <a href=""http://arcweb.wr.usgs.gov/Collections/hfe2014/RC0658L_20141109_0959.JPG""style=""color:yellow""target=""_blank"">Here</a><button class=""btn btn-default""id=""start""data-toggle=""modal""data-target=""#imageModal""data-site=""Lava Chuar""style=""float:right"">Photo Viewer</button>","Nov. 9, 2014  Full Resolution Image: <a href=""http://arcweb.wr.usgs.gov/Collections/hfe2014/RC0658L_20141109_0959.JPG""style=""color:yellow""target=""_blank"">Here</a><button class=""btn btn-default""id=""start""data-toggle=""modal""data-target=""#imageModal""data-site=""Lava Chuar""style=""float:right"">Photo Viewer</button>","<button class=""btn btn-default""id=""start""data-toggle=""modal""data-target=""#imageModal""data-site=""","""style=""float:right"">Photo Viewer</button>",http://arcweb.wr.usgs.gov/Collections/hfe2014/RC0658L_20141109_0959_full.jpg,http://arcweb.wr.usgs.gov/Collections/hfe2014/RC0658L_20141109_0959_thumb.jpg,RC0658L_20141109_0959.JPG,RC0658L_20141109_0959_full.jpg,RC0658L_20141109_0959_thumb.jpg,http://arcweb.wr.usgs.gov/Collections/hfe2014/,11/9/2014,L,Lava Chuar,RC0658L_20141109_0959,2014,11,9
24,66.14,66.14,Palisades,36.13619533,-111.81640220,Sandbar Downstream from Palisades Creek,na,8-Feb,11-Feb,4-Oct,active,R,L,Yes,Across Canyon View from River Right,"Palisades (RM 66.1L), before 2014 high flow","Nov. 9, 2014  Full Resolution Image: <a href=""http://arcweb.wr.usgs.gov/Collections/hfe2014/RC0661Ld_20141109_0959.JPG""style=""color:yellow""target=""_blank"">Here</a>","Nov. 9, 2014  Full Resolution Image: <a href=""http://arcweb.wr.usgs.gov/Collections/hfe2014/RC0661Ld_20141109_0959.JPG""style=""color:yellow""target=""_blank"">Here</a><button class=""btn btn-default""id=""start""data-toggle=""modal""data-target=""#imageModal""data-site=""Palisades""style=""float:right"">Photo Viewer</button>","Nov. 9, 2014  Full Resolution Image: <a href=""http://arcweb.wr.usgs.gov/Collections/hfe2014/RC0661Ld_20141109_0959.JPG""style=""color:yellow""target=""_blank"">Here</a><button class=""btn btn-default""id=""start""data-toggle=""modal""data-target=""#imageModal""data-site=""Palisades""style=""float:right"">Photo Viewer</button>","<button class=""btn btn-default""id=""start""data-toggle=""modal""data-target=""#imageModal""data-site=""","""style=""float:right"">Photo Viewer</button>",http://arcweb.wr.usgs.gov/Collections/hfe2014/RC0661Ld_20141109_0959_full.jpg,http://arcweb.wr.usgs.gov/Collections/hfe2014/RC0661Ld_20141109_0959_thumb.jpg,RC0661Ld_20141109_0959.JPG,RC0661Ld_20141109_0959_full.jpg,RC0661Ld_20141109_0959_thumb.jpg,http://arcweb.wr.usgs.gov/Collections/hfe2014/,11/9/2014,L,Palisades,RC0661Ld_20141109_0959,2014,11,9
25,68.71,68.71,Tanner,36.10317360,-111.82982920,Sandbar and Campsite upstream from Tanner Rapid,1000,Dec-90,11-Oct,11-Oct,active,L,R,Yes,Across Canyon View from River Left,"Tanner (RM 68.8R), before 2014 high flow","Nov. 9, 2014  Full Resolution Image: <a href=""http://arcweb.wr.usgs.gov/Collections/hfe2014/RC0688R_20141109_1359.JPG""style=""color:yellow""target=""_blank"">Here</a>","Nov. 9, 2014  Full Resolution Image: <a href=""http://arcweb.wr.usgs.gov/Collections/hfe2014/RC0688R_20141109_1359.JPG""style=""color:yellow""target=""_blank"">Here</a><button class=""btn btn-default""id=""start""data-toggle=""modal""data-target=""#imageModal""data-site=""Tanner""style=""float:right"">Photo Viewer</button>","Nov. 9, 2014  Full Resolution Image: <a href=""http://arcweb.wr.usgs.gov/Collections/hfe2014/RC0688R_20141109_1359.JPG""style=""color:yellow""target=""_blank"">Here</a><button class=""btn btn-default""id=""start""data-toggle=""modal""data-target=""#imageModal""data-site=""Tanner""style=""float:right"">Photo Viewer</button>","<button class=""btn btn-default""id=""start""data-toggle=""modal""data-target=""#imageModal""data-site=""","""style=""float:right"">Photo Viewer</button>",http://arcweb.wr.usgs.gov/Collections/hfe2014/RC0688R_20141109_1359_full.jpg,http://arcweb.wr.usgs.gov/Collections/hfe2014/RC0688R_20141109_1359_thumb.jpg,RC0688R_20141109_1359.JPG,RC0688R_20141109_1359_full.jpg,RC0688R_20141109_1359_thumb.jpg,http://arcweb.wr.usgs.gov/Collections/hfe2014/,11/9/2014,R,Tanner,RC0688R_20141109_1359,2014,11,9
26,70.1,70.1,Basalt,36.09489075,-111.84124030,Sandbar Downstream from Basalt Creek,na,8-Feb,standby,13-Apr,active,L,R,Yes,Across Canyon View from River Left,,,,,,,,,,,,,,,,,,,
27,81.74,81.74,Grapevine,36.05468894,-111.99662610,Sandbar and Campsite Upstream from Grapevine Rapid,930,Apr-92,10-Feb,10-Feb,active,R,L,Yes,Across Canyon View from River Right,,,,,,,,,,,,,,,,,,,
28,84.6,84.6,Clear Creek,36.08161636,-112.03398990,Sandbar and Campsite at Clear Creek,,,,13-Oct,active,,,,,,,,,,,,,,,,,,,,,,,
29,87.67,87.67,Cremation,36.10037066,-112.08287340,Upper Cremation Campsite,na,Jan-96,standby,12-Aug,active,R,L,Yes,Across Canyon View from River Right,"Upper Cremation (RM 87.6L), before 2014 high flow","Nov. 8, 2014  Full Resolution Image: <a href=""http://arcweb.wr.usgs.gov/Collections/hfe2014/RC0876L_20141108_0733.JPG""style=""color:yellow""target=""_blank"">Here</a>","Nov. 8, 2014  Full Resolution Image: <a href=""http://arcweb.wr.usgs.gov/Collections/hfe2014/RC0876L_20141108_0733.JPG""style=""color:yellow""target=""_blank"">Here</a><button class=""btn btn-default""id=""start""data-toggle=""modal""data-target=""#imageModal""data-site=""Upper Cremation""style=""float:right"">Photo Viewer</button>","Nov. 8, 2014  Full Resolution Image: <a href=""http://arcweb.wr.usgs.gov/Collections/hfe2014/RC0876L_20141108_0733.JPG""style=""color:yellow""target=""_blank"">Here</a><button class=""btn btn-default""id=""start""data-toggle=""modal""data-target=""#imageModal""data-site=""Upper Cremation""style=""float:right"">Photo Viewer</button>","<button class=""btn btn-default""id=""start""data-toggle=""modal""data-target=""#imageModal""data-site=""","""style=""float:right"">Photo Viewer</button>",http://arcweb.wr.usgs.gov/Collections/hfe2014/RC0876L_20141108_0733_full.jpg,http://arcweb.wr.usgs.gov/Collections/hfe2014/RC0876L_20141108_0733_thumb.jpg,RC0876L_20141108_0733.JPG,RC0876L_20141108_0733_full.jpg,RC0876L_20141108_0733_thumb.jpg,http://arcweb.wr.usgs.gov/Collections/hfe2014/,11/8/2014,L,Upper Cremation,RC0876L_20141108_0733,2014,11,8
30,91.73,91.73,Trinity,36.10652750,-112.14670750,Sandbar and Campsite at Trinity Creek,na,Jan-96,standby,12-Oct,active,L,R,Yes,Across Canyon View from River Left,"Above Trinity (RM 91.7R), before 2014 high flow","Nov. 8, 2014  Full Resolution Image: <a href=""http://arcweb.wr.usgs.gov/Collections/hfe2014/RC0917R_20141108_0959.JPG""style=""color:yellow""target=""_blank"">Here</a>","Nov. 8, 2014  Full Resolution Image: <a href=""http://arcweb.wr.usgs.gov/Collections/hfe2014/RC0917R_20141108_0959.JPG""style=""color:yellow""target=""_blank"">Here</a><button class=""btn btn-default""id=""start""data-toggle=""modal""data-target=""#imageModal""data-site=""Above Trinity""style=""float:right"">Photo Viewer</button>","Nov. 8, 2014  Full Resolution Image: <a href=""http://arcweb.wr.usgs.gov/Collections/hfe2014/RC0917R_20141108_0959.JPG""style=""color:yellow""target=""_blank"">Here</a><button class=""btn btn-default""id=""start""data-toggle=""modal""data-target=""#imageModal""data-site=""Above Trinity""style=""float:right"">Photo Viewer</button>","<button class=""btn btn-default""id=""start""data-toggle=""modal""data-target=""#imageModal""data-site=""","""style=""float:right"">Photo Viewer</button>",http://arcweb.wr.usgs.gov/Collections/hfe2014/RC0917R_20141108_0959_full.jpg,http://arcweb.wr.usgs.gov/Collections/hfe2014/RC0917R_20141108_0959_thumb.jpg,RC0917R_20141108_0959.JPG,RC0917R_20141108_0959_full.jpg,RC0917R_20141108_0959_thumb.jpg,http://arcweb.wr.usgs.gov/Collections/hfe2014/,11/8/2014,R,Above Trinity,RC0917R_20141108_0959,2014,11,8
31,93.83,93.83,Granite,36.09737291,-112.18191660,Sandbar and Campsite upstream of Granite Rapid,1400,na,na,12-Feb,active,R,L,Yes,Across Canyon View from River Right,"Granite (RM 93.8L), before 2014 high flow","Nov. 8, 2014  Full Resolution Image: <a href=""http://arcweb.wr.usgs.gov/Collections/hfe2014/RC0938L_20141108_0759.JPG""style=""color:yellow""target=""_blank"">Here</a>","Nov. 8, 2014  Full Resolution Image: <a href=""http://arcweb.wr.usgs.gov/Collections/hfe2014/RC0938L_20141108_0759.JPG""style=""color:yellow""target=""_blank"">Here</a><button class=""btn btn-default""id=""start""data-toggle=""modal""data-target=""#imageModal""data-site=""Granite""style=""float:right"">Photo Viewer</button>","Nov. 8, 2014  Full Resolution Image: <a href=""http://arcweb.wr.usgs.gov/Collections/hfe2014/RC0938L_20141108_0759.JPG""style=""color:yellow""target=""_blank"">Here</a><button class=""btn btn-default""id=""start""data-toggle=""modal""data-target=""#imageModal""data-site=""Granite""style=""float:right"">Photo Viewer</button>","<button class=""btn btn-default""id=""start""data-toggle=""modal""data-target=""#imageModal""data-site=""","""style=""float:right"">Photo Viewer</button>",http://arcweb.wr.usgs.gov/Collections/hfe2014/RC0938L_20141108_0759_full.jpg,http://arcweb.wr.usgs.gov/Collections/hfe2014/RC0938L_20141108_0759_thumb.jpg,RC0938L_20141108_0759.JPG,RC0938L_20141108_0759_full.jpg,RC0938L_20141108_0759_thumb.jpg,http://arcweb.wr.usgs.gov/Collections/hfe2014/,11/8/2014,L,Granite,RC0938L_20141108_0759,2014,11,8
32,104.45,104.45,Emerald,36.17958731,-112.30871940,Sandbar and Campsite upstream from Ruby Rapid,na,Jan-96,standby,12-Oct,active,L,R,Yes,Across Canyon View from River Left,"Emerald (RM 104.4R), before 2014 high flow","Nov. 8, 2014  Full Resolution Image: <a href=""http://arcweb.wr.usgs.gov/Collections/hfe2014/RC1044R_20141108_1159.JPG""style=""color:yellow""target=""_blank"">Here</a>","Nov. 8, 2014  Full Resolution Image: <a href=""http://arcweb.wr.usgs.gov/Collections/hfe2014/RC1044R_20141108_1159.JPG""style=""color:yellow""target=""_blank"">Here</a><button class=""btn btn-default""id=""start""data-toggle=""modal""data-target=""#imageModal""data-site=""Emerald""style=""float:right"">Photo Viewer</button>","Nov. 8, 2014  Full Resolution Image: <a href=""http://arcweb.wr.usgs.gov/Collections/hfe2014/RC1044R_20141108_1159.JPG""style=""color:yellow""target=""_blank"">Here</a><button class=""btn btn-default""id=""start""data-toggle=""modal""data-target=""#imageModal""data-site=""Emerald""style=""float:right"">Photo Viewer</button>","<button class=""btn btn-default""id=""start""data-toggle=""modal""data-target=""#imageModal""data-site=""","""style=""float:right"">Photo Viewer</button>",http://arcweb.wr.usgs.gov/Collections/hfe2014/RC1044R_20141108_1159_full.jpg,http://arcweb.wr.usgs.gov/Collections/hfe2014/RC1044R_20141108_1159_thumb.jpg,RC1044R_20141108_1159.JPG,RC1044R_20141108_1159_full.jpg,RC1044R_20141108_1159_thumb.jpg,http://arcweb.wr.usgs.gov/Collections/hfe2014/,11/8/2014,R,Emerald,RC1044R_20141108_1159,2014,11,8
33,119.4,119.4,119.4-Mile,36.22808503,-112.45628990,Sandbar Downstream from 119-Mile Rapid,1400,Mar-92,10-Feb,10-Feb,active,L,R,Yes,Across Canyon View from River Left,"Big Dune (RM 119.4R), before 2014 high flow","Nov. 8, 2014  Full Resolution Image: <a href=""http://arcweb.wr.usgs.gov/Collections/hfe2014/RC1194R_20141108_0759.JPG""style=""color:yellow""target=""_blank"">Here</a>","Nov. 8, 2014  Full Resolution Image: <a href=""http://arcweb.wr.usgs.gov/Collections/hfe2014/RC1194R_20141108_0759.JPG""style=""color:yellow""target=""_blank"">Here</a><button class=""btn btn-default""id=""start""data-toggle=""modal""data-target=""#imageModal""data-site=""Big Dune""style=""float:right"">Photo Viewer</button>","Nov. 8, 2014  Full Resolution Image: <a href=""http://arcweb.wr.usgs.gov/Collections/hfe2014/RC1194R_20141108_0759.JPG""style=""color:yellow""target=""_blank"">Here</a><button class=""btn btn-default""id=""start""data-toggle=""modal""data-target=""#imageModal""data-site=""Big Dune""style=""float:right"">Photo Viewer</button>","<button class=""btn btn-default""id=""start""data-toggle=""modal""data-target=""#imageModal""data-site=""","""style=""float:right"">Photo Viewer</button>",http://arcweb.wr.usgs.gov/Collections/hfe2014/RC1194R_20141108_0759_full.jpg,http://arcweb.wr.usgs.gov/Collections/hfe2014/RC1194R_20141108_0759_thumb.jpg,RC1194R_20141108_0759.JPG,RC1194R_20141108_0759_full.jpg,RC1194R_20141108_0759_thumb.jpg,http://arcweb.wr.usgs.gov/Collections/hfe2014/,11/8/2014,R,Big Dune,RC1194R_20141108_0759,2014,11,8
34,122.78,122.78,122-Mile,36.24438871,-112.50820640,Sandbar Downstream from 122-Mile Creek,1000,Mar-92,11-Feb,11-Feb,active,L,R,Yes,Across Canyon View from River Left,"122-Mile (RM 122.7R), before 2014 high flow","Nov. 8, 2014  Full Resolution Image: <a href=""http://arcweb.wr.usgs.gov/Collections/hfe2014/RC1227R_20141108_0759.JPG""style=""color:yellow""target=""_blank"">Here</a>","Nov. 8, 2014  Full Resolution Image: <a href=""http://arcweb.wr.usgs.gov/Collections/hfe2014/RC1227R_20141108_0759.JPG""style=""color:yellow""target=""_blank"">Here</a><button class=""btn btn-default""id=""start""data-toggle=""modal""data-target=""#imageModal""data-site=""122-Mile""style=""float:right"">Photo Viewer</button>","Nov. 8, 2014  Full Resolution Image: <a href=""http://arcweb.wr.usgs.gov/Collections/hfe2014/RC1227R_20141108_0759.JPG""style=""color:yellow""target=""_blank"">Here</a><button class=""btn btn-default""id=""start""data-toggle=""modal""data-target=""#imageModal""data-site=""122-Mile""style=""float:right"">Photo Viewer</button>","<button class=""btn btn-default""id=""start""data-toggle=""modal""data-target=""#imageModal""data-site=""","""style=""float:right"">Photo Viewer</button>",http://arcweb.wr.usgs.gov/Collections/hfe2014/RC1227R_20141108_0759_full.jpg,http://arcweb.wr.usgs.gov/Collections/hfe2014/RC1227R_20141108_0759_thumb.jpg,RC1227R_20141108_0759.JPG,RC1227R_20141108_0759_full.jpg,RC1227R_20141108_0759_thumb.jpg,http://arcweb.wr.usgs.gov/Collections/hfe2014/,11/8/2014,R,122-Mile,RC1227R_20141108_0759,2014,11,8
35,123.26,123.26,Forster,36.24476503,-112.51735490,Sandbar Downstream from Forster Canyon,na,Mar-92,standby,13-Oct,active,R,L,Yes,Across Canyon View from River Left,"Upper Forster (RM 123.2L), before 2014 high flow","Nov. 8, 2014  Full Resolution Image: <a href=""http://arcweb.wr.usgs.gov/Collections/hfe2014/RC1233Lb_20141108_0958.JPG""style=""color:yellow""target=""_blank"">Here</a>","Nov. 8, 2014  Full Resolution Image: <a href=""http://arcweb.wr.usgs.gov/Collections/hfe2014/RC1233Lb_20141108_0958.JPG""style=""color:yellow""target=""_blank"">Here</a><button class=""btn btn-default""id=""start""data-toggle=""modal""data-target=""#imageModal""data-site=""Upper Forster""style=""float:right"">Photo Viewer</button>","Nov. 8, 2014  Full Resolution Image: <a href=""http://arcweb.wr.usgs.gov/Collections/hfe2014/RC1233Lb_20141108_0958.JPG""style=""color:yellow""target=""_blank"">Here</a><button class=""btn btn-default""id=""start""data-toggle=""modal""data-target=""#imageModal""data-site=""Upper Forster""style=""float:right"">Photo Viewer</button>","<button class=""btn btn-default""id=""start""data-toggle=""modal""data-target=""#imageModal""data-site=""","""style=""float:right"">Photo Viewer</button>",http://arcweb.wr.usgs.gov/Collections/hfe2014/RC1233Lb_20141108_0958_full.jpg,http://arcweb.wr.usgs.gov/Collections/hfe2014/RC1233Lb_20141108_0958_thumb.jpg,RC1233Lb_20141108_0958.JPG,RC1233Lb_20141108_0958_full.jpg,RC1233Lb_20141108_0958_thumb.jpg,http://arcweb.wr.usgs.gov/Collections/hfe2014/,11/8/2014,L,Upper Forster,RC1233Lb_20141108_0958,2014,11,8
36,137.68,137.68,Pancho's/Football Beach,36.39136949,-112.52265380,"""Football Beach"" Campsite and Sandbar at Pancho's",1330,Apr-92,10-Feb,10-Feb,active,R,L,Yes,Across Canyon View from River Right,"Football Field (RM 137.7L), before 2014 high flow","Nov. 8, 2014  Full Resolution Image: <a href=""http://arcweb.wr.usgs.gov/Collections/hfe2014/RC1377L_20141108_1157.JPG""style=""color:yellow""target=""_blank"">Here</a>","Nov. 8, 2014  Full Resolution Image: <a href=""http://arcweb.wr.usgs.gov/Collections/hfe2014/RC1377L_20141108_1157.JPG""style=""color:yellow""target=""_blank"">Here</a><button class=""btn btn-default""id=""start""data-toggle=""modal""data-target=""#imageModal""data-site=""Football Field""style=""float:right"">Photo Viewer</button>","Nov. 8, 2014  Full Resolution Image: <a href=""http://arcweb.wr.usgs.gov/Collections/hfe2014/RC1377L_20141108_1157.JPG""style=""color:yellow""target=""_blank"">Here</a><button class=""btn btn-default""id=""start""data-toggle=""modal""data-target=""#imageModal""data-site=""Football Field""style=""float:right"">Photo Viewer</button>","<button class=""btn btn-default""id=""start""data-toggle=""modal""data-target=""#imageModal""data-site=""","""style=""float:right"">Photo Viewer</button>",http://arcweb.wr.usgs.gov/Collections/hfe2014/RC1377L_20141108_1157_full.jpg,http://arcweb.wr.usgs.gov/Collections/hfe2014/RC1377L_20141108_1157_thumb.jpg,RC1377L_20141108_1157.JPG,RC1377L_20141108_1157_full.jpg,RC1377L_20141108_1157_thumb.jpg,http://arcweb.wr.usgs.gov/Collections/hfe2014/,11/8/2014,L,Football Field,RC1377L_20141108_1157,2014,11,8
37,145.87,145.87,Above Olo,36.37435643,-112.64946060,Sandbar Upstream from Olo Canyon,1330,Mar-92,10-Feb,10-Feb,active,R,L,Yes,Across Canyon View from River Right,"Above Olo (RM 145.8L), before 2014 high flow","Nov. 8, 2014  Full Resolution Image: <a href=""http://arcweb.wr.usgs.gov/Collections/hfe2014/RC1459L_20141108_1158.JPG""style=""color:yellow""target=""_blank"">Here</a>","Nov. 8, 2014  Full Resolution Image: <a href=""http://arcweb.wr.usgs.gov/Collections/hfe2014/RC1459L_20141108_1158.JPG""style=""color:yellow""target=""_blank"">Here</a><button class=""btn btn-default""id=""start""data-toggle=""modal""data-target=""#imageModal""data-site=""Above Olo""style=""float:right"">Photo Viewer</button>","Nov. 8, 2014  Full Resolution Image: <a href=""http://arcweb.wr.usgs.gov/Collections/hfe2014/RC1459L_20141108_1158.JPG""style=""color:yellow""target=""_blank"">Here</a><button class=""btn btn-default""id=""start""data-toggle=""modal""data-target=""#imageModal""data-site=""Above Olo""style=""float:right"">Photo Viewer</button>","<button class=""btn btn-default""id=""start""data-toggle=""modal""data-target=""#imageModal""data-site=""","""style=""float:right"">Photo Viewer</button>",http://arcweb.wr.usgs.gov/Collections/hfe2014/RC1459L_20141108_1158_full.jpg,http://arcweb.wr.usgs.gov/Collections/hfe2014/RC1459L_20141108_1158_thumb.jpg,RC1459L_20141108_1158.JPG,RC1459L_20141108_1158_full.jpg,RC1459L_20141108_1158_thumb.jpg,http://arcweb.wr.usgs.gov/Collections/hfe2014/,11/8/2014,L,Above Olo,RC1459L_20141108_1158,2014,11,8
38,167.1,167.1,National Canyon,36.25618855,-112.89520110,Sandbar and Campsite at National Canyon,,,,13-Feb,active,,,,,"Lower National (RM 167.1L), before 2014 high flow","Nov. 8, 2014  Full Resolution Image: <a href=""http://arcweb.wr.usgs.gov/Collections/hfe2014/RC1671L_20141108_0958.JPG""style=""color:yellow""target=""_blank"">Here</a>","Nov. 8, 2014  Full Resolution Image: <a href=""http://arcweb.wr.usgs.gov/Collections/hfe2014/RC1671L_20141108_0958.JPG""style=""color:yellow""target=""_blank"">Here</a><button class=""btn btn-default""id=""start""data-toggle=""modal""data-target=""#imageModal""data-site=""Lower National""style=""float:right"">Photo Viewer</button>","Nov. 8, 2014  Full Resolution Image: <a href=""http://arcweb.wr.usgs.gov/Collections/hfe2014/RC1671L_20141108_0958.JPG""style=""color:yellow""target=""_blank"">Here</a><button class=""btn btn-default""id=""start""data-toggle=""modal""data-target=""#imageModal""data-site=""Lower National""style=""float:right"">Photo Viewer</button>","<button class=""btn btn-default""id=""start""data-toggle=""modal""data-target=""#imageModal""data-site=""","""style=""float:right"">Photo Viewer</button>",http://arcweb.wr.usgs.gov/Collections/hfe2014/RC1671L_20141108_0958_full.jpg,http://arcweb.wr.usgs.gov/Collections/hfe2014/RC1671L_20141108_0958_thumb.jpg,RC1671L_20141108_0958.JPG,RC1671L_20141108_0958_full.jpg,RC1671L_20141108_0958_thumb.jpg,http://arcweb.wr.usgs.gov/Collections/hfe2014/,11/8/2014,L,Lower National,RC1671L_20141108_0958,2014,11,8
39,172.6,172.6,172.6 (Below Mohawk),36.23207576,-112.97757500,Sandbar and Campsite .4 RM Downstream from Mohawk Canyon,na,Dec-90,10-Feb,10-Feb,active,R,L,Yes,Downstream View from River Right,"Below Mohawk (RM 172.6L), before 2014 high flow","Nov. 8, 2014  Full Resolution Image: <a href=""http://arcweb.wr.usgs.gov/Collections/hfe2014/RC1726Lb_20141108_1559.JPG""style=""color:yellow""target=""_blank"">Here</a>","Nov. 8, 2014  Full Resolution Image: <a href=""http://arcweb.wr.usgs.gov/Collections/hfe2014/RC1726Lb_20141108_1559.JPG""style=""color:yellow""target=""_blank"">Here</a><button class=""btn btn-default""id=""start""data-toggle=""modal""data-target=""#imageModal""data-site=""Below Mohawk""style=""float:right"">Photo Viewer</button>","Nov. 8, 2014  Full Resolution Image: <a href=""http://arcweb.wr.usgs.gov/Collections/hfe2014/RC1726Lb_20141108_1559.JPG""style=""color:yellow""target=""_blank"">Here</a><button class=""btn btn-default""id=""start""data-toggle=""modal""data-target=""#imageModal""data-site=""Below Mohawk""style=""float:right"">Photo Viewer</button>","<button class=""btn btn-default""id=""start""data-toggle=""modal""data-target=""#imageModal""data-site=""","""style=""float:right"">Photo Viewer</button>",http://arcweb.wr.usgs.gov/Collections/hfe2014/RC1726Lb_20141108_1559_full.jpg,http://arcweb.wr.usgs.gov/Collections/hfe2014/RC1726Lb_20141108_1559_thumb.jpg,RC1726Lb_20141108_1559.JPG,RC1726Lb_20141108_1559_full.jpg,RC1726Lb_20141108_1559_thumb.jpg,http://arcweb.wr.usgs.gov/Collections/hfe2014/,11/8/2014,L,Below Mohawk,RC1726Lb_20141108_1559,2014,11,8
40,183.3,183.3,Below Hells Hollow,36.16877303,-113.13203610,Sandbar Downstream from Hells Hollow,1400,Mar-92,11-Feb,11-Feb,active,L,R,Yes,Across Canyon View from River Left,"Below Chevron (RM 183.3R), before 2014 high flow","Nov. 8, 2014  Full Resolution Image: <a href=""http://arcweb.wr.usgs.gov/Collections/hfe2014/RC1833R_20141108_1558.JPG""style=""color:yellow""target=""_blank"">Here</a>","Nov. 8, 2014  Full Resolution Image: <a href=""http://arcweb.wr.usgs.gov/Collections/hfe2014/RC1833R_20141108_1558.JPG""style=""color:yellow""target=""_blank"">Here</a><button class=""btn btn-default""id=""start""data-toggle=""modal""data-target=""#imageModal""data-site=""Below Chevron""style=""float:right"">Photo Viewer</button>","Nov. 8, 2014  Full Resolution Image: <a href=""http://arcweb.wr.usgs.gov/Collections/hfe2014/RC1833R_20141108_1558.JPG""style=""color:yellow""target=""_blank"">Here</a><button class=""btn btn-default""id=""start""data-toggle=""modal""data-target=""#imageModal""data-site=""Below Chevron""style=""float:right"">Photo Viewer</button>","<button class=""btn btn-default""id=""start""data-toggle=""modal""data-target=""#imageModal""data-site=""","""style=""float:right"">Photo Viewer</button>",http://arcweb.wr.usgs.gov/Collections/hfe2014/RC1833R_20141108_1558_full.jpg,http://arcweb.wr.usgs.gov/Collections/hfe2014/RC1833R_20141108_1558_thumb.jpg,RC1833R_20141108_1558.JPG,RC1833R_20141108_1558_full.jpg,RC1833R_20141108_1558_thumb.jpg,http://arcweb.wr.usgs.gov/Collections/hfe2014/,11/8/2014,R,Below Chevron,RC1833R_20141108_1558,2014,11,8
41,194.62,194.62,Hualapai Acres,36.08882430,-113.25388420,Hualapai Acres Sandbar and Campsite,1200,Jan-96,10-Feb,10-Feb,active,L,L,Yes,Downstream View from River Left,"Hualapai Acres (RM 194.6L), before 2014 high flow","Nov. 8, 2014  Full Resolution Image: <a href=""http://arcweb.wr.usgs.gov/Collections/hfe2014/RC1946L_20141108_0759.JPG""style=""color:yellow""target=""_blank"">Here</a>","Nov. 8, 2014  Full Resolution Image: <a href=""http://arcweb.wr.usgs.gov/Collections/hfe2014/RC1946L_20141108_0759.JPG""style=""color:yellow""target=""_blank"">Here</a><button class=""btn btn-default""id=""start""data-toggle=""modal""data-target=""#imageModal""data-site=""Hualapai Acres""style=""float:right"">Photo Viewer</button>","Nov. 8, 2014  Full Resolution Image: <a href=""http://arcweb.wr.usgs.gov/Collections/hfe2014/RC1946L_20141108_0759.JPG""style=""color:yellow""target=""_blank"">Here</a><button class=""btn btn-default""id=""start""data-toggle=""modal""data-target=""#imageModal""data-site=""Hualapai Acres""style=""float:right"">Photo Viewer</button>","<button class=""btn btn-default""id=""start""data-toggle=""modal""data-target=""#imageModal""data-site=""","""style=""float:right"">Photo Viewer</button>",http://arcweb.wr.usgs.gov/Collections/hfe2014/RC1946L_20141108_0759_full.jpg,http://arcweb.wr.usgs.gov/Collections/hfe2014/RC1946L_20141108_0759_thumb.jpg,RC1946L_20141108_0759.JPG,RC1946L_20141108_0759_full.jpg,RC1946L_20141108_0759_thumb.jpg,http://arcweb.wr.usgs.gov/Collections/hfe2014/,11/8/2014,L,Hualapai Acres,RC1946L_20141108_0759,2014,11,8
42,202.32,202.32,202-Mile,36.05206815,-113.35049420,Sandbar and Campsite at River Mile 202,1200,Jan-96,10-Feb,10-Feb,active,L,R,Yes,Across Canyon View from River Left,"202-Mile (RM 202.3R), before 2014 high flow","Nov. 8, 2014  Full Resolution Image: <a href=""http://arcweb.wr.usgs.gov/Collections/hfe2014/RC2023R_20141108_1158.JPG""style=""color:yellow""target=""_blank"">Here</a>","Nov. 8, 2014  Full Resolution Image: <a href=""http://arcweb.wr.usgs.gov/Collections/hfe2014/RC2023R_20141108_1158.JPG""style=""color:yellow""target=""_blank"">Here</a><button class=""btn btn-default""id=""start""data-toggle=""modal""data-target=""#imageModal""data-site=""202-Mile""style=""float:right"">Photo Viewer</button>","Nov. 8, 2014  Full Resolution Image: <a href=""http://arcweb.wr.usgs.gov/Collections/hfe2014/RC2023R_20141108_1158.JPG""style=""color:yellow""target=""_blank"">Here</a><button class=""btn btn-default""id=""start""data-toggle=""modal""data-target=""#imageModal""data-site=""202-Mile""style=""float:right"">Photo Viewer</button>","<button class=""btn btn-default""id=""start""data-toggle=""modal""data-target=""#imageModal""data-site=""","""style=""float:right"">Photo Viewer</button>",http://arcweb.wr.usgs.gov/Collections/hfe2014/RC2023R_20141108_1158_full.jpg,http://arcweb.wr.usgs.gov/Collections/hfe2014/RC2023R_20141108_1158_thumb.jpg,RC2023R_20141108_1158.JPG,RC2023R_20141108_1158_full.jpg,RC2023R_20141108_1158_thumb.jpg,http://arcweb.wr.usgs.gov/Collections/hfe2014/,11/8/2014,R,202-Mile,RC2023R_20141108_1158,2014,11,8
43,213.3,213.3,Pumpkin Springs,35.91530265,-113.33435100,Sandbar and Campsite at Pumpkin Springs,na,Jan-96,standby,13-Oct,active,R,L,Yes,Across Canyon View from River Right,"Pumpkin Springs (RM 213.2L), before 2014 high flow","Nov. 8, 2014  Full Resolution Image: <a href=""http://arcweb.wr.usgs.gov/Collections/hfe2014/RC2133L_20141108_1359.JPG""style=""color:yellow""target=""_blank"">Here</a>","Nov. 8, 2014  Full Resolution Image: <a href=""http://arcweb.wr.usgs.gov/Collections/hfe2014/RC2133L_20141108_1359.JPG""style=""color:yellow""target=""_blank"">Here</a><button class=""btn btn-default""id=""start""data-toggle=""modal""data-target=""#imageModal""data-site=""Pumpkin Springs""style=""float:right"">Photo Viewer</button>","Nov. 8, 2014  Full Resolution Image: <a href=""http://arcweb.wr.usgs.gov/Collections/hfe2014/RC2133L_20141108_1359.JPG""style=""color:yellow""target=""_blank"">Here</a><button class=""btn btn-default""id=""start""data-toggle=""modal""data-target=""#imageModal""data-site=""Pumpkin Springs""style=""float:right"">Photo Viewer</button>","<button class=""btn btn-default""id=""start""data-toggle=""modal""data-target=""#imageModal""data-site=""","""style=""float:right"">Photo Viewer</button>",http://arcweb.wr.usgs.gov/Collections/hfe2014/RC2133L_20141108_1359_full.jpg,http://arcweb.wr.usgs.gov/Collections/hfe2014/RC2133L_20141108_1359_thumb.jpg,RC2133L_20141108_1359.JPG,RC2133L_20141108_1359_full.jpg,RC2133L_20141108_1359_thumb.jpg,http://arcweb.wr.usgs.gov/Collections/hfe2014/,11/8/2014,L,Pumpkin Springs,RC2133L_20141108_1359,2014,11,8
44,220.1,220.1,220-Mile,35.83196643,-113.32653940,Sandbar and Campsite at 220-Mile,,,,13-Oct,active,,,,,"220-Mile (RM 220.1L), before 2014 high flow","Nov. 8, 2014  Full Resolution Image: <a href=""http://arcweb.wr.usgs.gov/Collections/hfe2014/RC2201L_20141108_0957.JPG""style=""color:yellow""target=""_blank"">Here</a>","Nov. 8, 2014  Full Resolution Image: <a href=""http://arcweb.wr.usgs.gov/Collections/hfe2014/RC2201L_20141108_0957.JPG""style=""color:yellow""target=""_blank"">Here</a><button class=""btn btn-default""id=""start""data-toggle=""modal""data-target=""#imageModal""data-site=""220-Mile""style=""float:right"">Photo Viewer</button>","Nov. 8, 2014  Full Resolution Image: <a href=""http://arcweb.wr.usgs.gov/Collections/hfe2014/RC2201L_20141108_0957.JPG""style=""color:yellow""target=""_blank"">Here</a><button class=""btn btn-default""id=""start""data-toggle=""modal""data-target=""#imageModal""data-site=""220-Mile""style=""float:right"">Photo Viewer</button>","<button class=""btn btn-default""id=""start""data-toggle=""modal""data-target=""#imageModal""data-site=""","""style=""float:right"">Photo Viewer</button>",http://arcweb.wr.usgs.gov/Collections/hfe2014/RC2201L_20141108_0957_full.jpg,http://arcweb.wr.usgs.gov/Collections/hfe2014/RC2201L_20141108_0957_thumb.jpg,RC2201L_20141108_0957.JPG,RC2201L_20141108_0957_full.jpg,RC2201L_20141108_0957_thumb.jpg,http://arcweb.wr.usgs.gov/Collections/hfe2014/,11/8/2014,L,220-Mile,RC2201L_20141108_0957,2014,11,8
45,225.5,225.5,Above Last Chance,35.77149927,-113.36997760,Sandbar and Campsite Upstream from Diamond Creek,1400,Mar-96,10-Feb,10-Feb,active,L,R,Yes,Across Canyon View from River Left,"Above Last Chance (RM 225.5R), before 2014 high flow","Nov. 8, 2014  Full Resolution Image: <a href=""http://arcweb.wr.usgs.gov/Collections/hfe2014/RC2255Ra_20141108_1158.JPG""style=""color:yellow""target=""_blank"">Here</a>","Nov. 8, 2014  Full Resolution Image: <a href=""http://arcweb.wr.usgs.gov/Collections/hfe2014/RC2255Ra_20141108_1158.JPG""style=""color:yellow""target=""_blank"">Here</a><button class=""btn btn-default""id=""start""data-toggle=""modal""data-target=""#imageModal""data-site=""Above Last Chance""style=""float:right"">Photo Viewer</button>","Nov. 8, 2014  Full Resolution Image: <a href=""http://arcweb.wr.usgs.gov/Collections/hfe2014/RC2255Ra_20141108_1158.JPG""style=""color:yellow""target=""_blank"">Here</a><button class=""btn btn-default""id=""start""data-toggle=""modal""data-target=""#imageModal""data-site=""Above Last Chance""style=""float:right"">Photo Viewer</button>","<button class=""btn btn-default""id=""start""data-toggle=""modal""data-target=""#imageModal""data-site=""","""style=""float:right"">Photo Viewer</button>",http://arcweb.wr.usgs.gov/Collections/hfe2014/RC2255Ra_20141108_1158_full.jpg,http://arcweb.wr.usgs.gov/Collections/hfe2014/RC2255Ra_20141108_1158_thumb.jpg,RC2255Ra_20141108_1158.JPG,RC2255Ra_20141108_1158_full.jpg,RC2255Ra_20141108_1158_thumb.jpg,http://arcweb.wr.usgs.gov/Collections/hfe2014/,11/8/2014,R,Above Last Chance,RC2255Ra_20141108_1158,2014,11,8
